English - Hindi Align score,English - Hindi rouge score
0.5981703996658325,0.3
0.7344807982444763,0.4068965517241379
0.43827301263809204,0.30470914127423826
0.4768015146255493,0.22727272727272727
0.5131629705429077,0.32164948453608244
0.48849207162857056,0.2755102040816326
0.6264860033988953,0.43724696356275305
0.494379460811615,0.32
0.40820759534835815,0.25984251968503935
0.6169742345809937,0.33608815426997246
0.5670640468597412,0.2800718132854578
0.5484826564788818,0.326241134751773
0.3904123306274414,0.2574257425742574
0.32955673336982727,0.1607142857142857
0.6693893074989319,0.42786069651741293
0.5105234980583191,0.28322440087145967
0.5812371373176575,0.352
0.3692449629306793,0.2741433021806854
0.5626361966133118,0.3359173126614987
0.48459985852241516,0.36363636363636365
0.5342263579368591,0.27747747747747753
0.5780981779098511,0.27099236641221375
0.41975200176239014,0.2828282828282828
0.7372119426727295,0.3236074270557029
0.47422218322753906,0.2876712328767123
0.5838882327079773,0.3104325699745547
0.7974380254745483,0.4153005464480874
0.5054617524147034,0.28387096774193554
0.47053220868110657,0.3562945368171021
0.6155271530151367,0.32826747720364746
0.34846022725105286,0.28909952606635075
0.47329771518707275,0.3007915567282322
0.5587828755378723,0.34375
0.5695822834968567,0.39464882943143814
0.7359992861747742,0.33684210526315794
0.5221951603889465,0.4071246819338422
0.5773656368255615,0.3446153846153846
0.3795185387134552,0.31732776617954067
0.5224816799163818,0.2826855123674912
0.3964086174964905,0.3434704830053667
0.7831349968910217,0.4972972972972973
0.36112886667251587,0.2169811320754717
0.6079889535903931,0.2688679245283019
0.47670304775238037,0.2582056892778994
0.5885859727859497,0.3545279383429672
0.6447129249572754,0.34623217922606925
0.491928368806839,0.23728813559322032
0.5742142796516418,0.39766081871345027
0.5077070593833923,0.2756183745583039
0.5801423192024231,0.3746031746031746
0.29303231835365295,0.25263157894736843
0.5080003142356873,0.259047619047619
0.5862813591957092,0.37727272727272726
0.45848578214645386,0.3544973544973545
0.1900939643383026,0.2901960784313726
0.5385869741439819,0.4152542372881356
0.4354754090309143,0.29220779220779225
0.48070406913757324,0.3628691983122363
0.2377135455608368,0.31756756756756754
0.46648091077804565,0.30976430976430974
0.4618855118751526,0.2656826568265683
0.4514523446559906,0.2992125984251969
0.5048699975013733,0.3236994219653179
0.5086513757705688,0.3370288248337029
0.45304760336875916,0.2937062937062937
0.4136491119861603,0.273224043715847
0.6222671270370483,0.37151702786377716
0.7599606513977051,0.4
0.5141911506652832,0.25545171339563866
0.4098047912120819,0.31578947368421056
0.5524463057518005,0.2920792079207921
0.7788808941841125,0.42553191489361697
0.5345265865325928,0.30817610062893086
0.4713525176048279,0.2541966426858513
0.32661208510398865,0.26735218508997427
0.43672338128089905,0.36144578313253006
0.6686195731163025,0.3256578947368421
0.3191022276878357,0.2962962962962963
0.4403643310070038,0.2891089108910891
0.3766799867153168,0.29520295202952035
0.566193163394928,0.33727810650887574
0.5930522084236145,0.34965034965034963
0.6523364782333374,0.3045267489711935
0.35744863748550415,0.3643122676579926
0.568901002407074,0.2686567164179105
0.38419392704963684,0.2102102102102102
0.5450417399406433,0.3923809523809524
0.4357737898826599,0.22095238095238093
0.5329281091690063,0.24217118997912315
0.42200735211372375,0.2633228840125392
0.6280739903450012,0.3685503685503686
0.4419824182987213,0.3448275862068966
0.4847841262817383,0.3626168224299065
0.4995250701904297,0.267379679144385
0.3538094460964203,0.2824601366742596
0.48083361983299255,0.3746958637469587
0.5172896385192871,0.31715210355987056
0.41253384947776794,0.3591022443890274
0.6190631985664368,0.2813299232736573
0.27996954321861267,0.17903930131004367
0.5712535381317139,0.36923076923076925
0.423061341047287,0.2828282828282828
0.4390260577201843,0.29333333333333333
0.5612730383872986,0.36554621848739494
0.5235975384712219,0.3592814371257485
0.7299441695213318,0.3682310469314079
0.3956350088119507,0.36363636363636365
0.44948071241378784,0.25806451612903225
0.5713808536529541,0.22488038277511962
0.3344673812389374,0.2608695652173913
0.5090193748474121,0.28865979381443296
0.35213702917099,0.18484848484848485
0.5193535089492798,0.33876221498371334
0.6044120788574219,0.29535864978902954
0.5819494724273682,0.28510638297872337
0.48025020956993103,0.2407766990291262
0.3967043161392212,0.2710280373831776
0.4164125621318817,0.3548387096774194
0.5313391089439392,0.3099273607748184
0.7119030952453613,0.19282511210762335
0.353751003742218,0.3138297872340426
0.45878711342811584,0.38571428571428573
0.36158931255340576,0.2425629290617849
0.5982021689414978,0.32891246684350134
0.5934984683990479,0.29398663697104677
0.36064282059669495,0.21316614420062696
0.6006395816802979,0.37305699481865284
0.6353363394737244,0.4202334630350194
0.464708536863327,0.30350194552529186
0.6531620621681213,0.4563106796116505
0.5110156536102295,0.3195266272189349
0.5559331774711609,0.30722891566265065
0.5624684691429138,0.2551928783382789
0.51912522315979,0.32584269662921345
0.5814724564552307,0.25
0.48787346482276917,0.28571428571428575
0.49293866753578186,0.3289473684210526
0.6950050592422485,0.3746223564954683
0.4403729736804962,0.32653061224489793
0.5859148502349854,0.3402985074626866
0.605937123298645,0.36612021857923494
0.4090960621833801,0.2927927927927928
0.47267261147499084,0.23602484472049692
0.39640361070632935,0.34104046242774566
0.5081121325492859,0.32365145228215764
0.4348439574241638,0.26252983293556087
0.6042397618293762,0.286764705882353
0.4255756139755249,0.23632385120350113
0.547443687915802,0.33544303797468356
0.702464759349823,0.35215946843853824
0.6052078604698181,0.4041237113402062
0.2780751883983612,0.27544910179640725
0.5931974649429321,0.3790322580645161
0.4735952615737915,0.22608695652173913
0.38182333111763,0.26999999999999996
0.4140690565109253,0.34560906515580736
0.7145689129829407,0.3321799307958478
0.5219630599021912,0.270935960591133
0.6252238154411316,0.3859649122807018
0.17053158581256866,0.2616822429906542
0.6724149584770203,0.37121212121212116
0.5914546251296997,0.3496503496503497
0.5924524068832397,0.30841121495327106
0.48216551542282104,0.2453703703703704
0.35086750984191895,0.2804232804232804
0.6547002196311951,0.24372759856630827
0.42405232787132263,0.19844357976653698
0.5314176678657532,0.30107526881720437
0.5144737958908081,0.2891566265060241
0.4195571839809418,0.36516853932584276
0.7490580081939697,0.39862542955326463
0.5179382562637329,0.31168831168831174
0.5921562314033508,0.3491271820448878
0.5780118703842163,0.3310657596371882
0.35514405369758606,0.26774847870182555
0.38368523120880127,0.2698961937716263
0.5574782490730286,0.29716981132075476
0.466377317905426,0.2661290322580645
0.594864547252655,0.24767801857585137
0.5471648573875427,0.43795620437956206
0.3017682135105133,0.22162162162162163
0.5336074233055115,0.39024390243902435
0.44262591004371643,0.3829787234042553
0.42366084456443787,0.33752244165170553
0.4285900890827179,0.28679245283018867
0.545224666595459,0.2991689750692521
0.2750931680202484,0.2827004219409282
0.49395430088043213,0.2456140350877193
0.3966350257396698,0.2857142857142857
0.46639949083328247,0.2737430167597765
0.4299429953098297,0.3359375
0.31939277052879333,0.3027295285359801
0.5643683671951294,0.3228346456692913
0.43346068263053894,0.3140096618357488
0.7600663304328918,0.2775800711743773
0.6968637108802795,0.3980582524271844
0.4051947295665741,0.3114355231143552
0.36776670813560486,0.23770491803278687
0.4928680658340454,0.271551724137931
0.5079697966575623,0.26016260162601623
0.416943222284317,0.2727272727272727
0.3950723111629486,0.24615384615384614
0.7363044023513794,0.34757834757834766
0.6280494332313538,0.31730769230769235
0.6547237634658813,0.5102639296187683
0.5074450373649597,0.25654450261780104
0.5788043737411499,0.3195592286501377
0.7109959125518799,0.40152963671128106
0.6843817830085754,0.4155844155844156
0.4817828834056854,0.4049079754601227
0.3993583619594574,0.2831858407079646
0.6604944467544556,0.3392405063291139
0.32231900095939636,0.3143418467583497
0.5176507830619812,0.3791469194312796
0.48143309354782104,0.19854721549636806
0.5275238752365112,0.3448275862068966
0.5328760743141174,0.2884012539184953
0.398555725812912,0.3674911660777385
0.6675312519073486,0.3670588235294117
0.6438764333724976,0.37339055793991416
0.6091561913490295,0.5171102661596958
0.5376614928245544,0.37438423645320196
0.6532124280929565,0.42105263157894735
0.7177490592002869,0.3842105263157895
0.4824572503566742,0.32727272727272727
0.4795396625995636,0.3385416666666667
0.5830445885658264,0.281524926686217
0.3656747043132782,0.2857142857142857
0.4579179584980011,0.34615384615384615
0.31665483117103577,0.3380952380952381
0.5175360441207886,0.3233532934131737
0.42633020877838135,0.37209302325581395
0.5341840386390686,0.30864197530864196
0.5454797744750977,0.35390946502057613
0.3287094533443451,0.2454308093994778
0.4636507034301758,0.2907488986784141
0.6284297108650208,0.17768595041322313
0.6399469375610352,0.3232323232323232
0.3406665027141571,0.26666666666666666
0.5270969867706299,0.3807106598984772
0.449945330619812,0.26558265582655827
0.45742225646972656,0.31399317406143346
0.42640551924705505,0.3123543123543123
0.6038902401924133,0.31645569620253167
0.3349249064922333,0.25210084033613445
0.5509003400802612,0.3381088825214899
0.5269758701324463,0.3402985074626866
0.5636524558067322,0.3568464730290456
0.7642900943756104,0.44827586206896547
0.4335470199584961,0.36492890995260663
0.47305765748023987,0.27906976744186046
0.4007149040699005,0.18691588785046725
0.5215344429016113,0.34461538461538455
0.4298519790172577,0.24915824915824916
0.24404515326023102,0.26548672566371684
0.4937986433506012,0.3401759530791788
0.3959200084209442,0.2857142857142857
0.5648314356803894,0.3660886319845858
0.6847575902938843,0.33333333333333337
0.45346659421920776,0.3242009132420091
0.45042434334754944,0.21621621621621623
0.3370625078678131,0.37837837837837834
0.3551158308982849,0.25098039215686274
0.5859836935997009,0.3591022443890275
0.7162972092628479,0.33201581027667987
0.6472723484039307,0.3711340206185567
0.38979217410087585,0.23592493297587133
0.5445604920387268,0.3433874709976798
0.5508264899253845,0.35390946502057613
0.5390554070472717,0.357976653696498
0.5978149771690369,0.35962145110410093
0.6082596182823181,0.3061889250814332
0.6506244540214539,0.48375451263537905
0.5478932857513428,0.3206106870229008
0.623511791229248,0.39118457300275483
0.48109695315361023,0.3326133909287257
0.43897905945777893,0.21473684210526317
0.57890784740448,0.3636363636363636
0.5622465014457703,0.2571428571428572
0.7384663224220276,0.27565982404692085
0.671559751033783,0.33444816053511706
0.5526323318481445,0.33879781420765026
0.4268840551376343,0.3620689655172414
0.55268794298172,0.34328358208955223
0.4327245056629181,0.3492723492723493
0.5785775184631348,0.41758241758241754
0.5283849835395813,0.33707865168539325
0.36537063121795654,0.3317535545023697
0.6701367497444153,0.4476744186046512
0.7274755835533142,0.3774403470715835
0.7006233930587769,0.3604651162790698
0.1962643563747406,0.35294117647058826
0.41589412093162537,0.25445292620865134
0.6996549367904663,0.33170731707317075
0.6495293974876404,0.38746438746438744
0.5044960379600525,0.2742316784869976
0.372699499130249,0.3414634146341463
0.3911815583705902,0.2770780856423174
0.5429224967956543,0.25651302605210424
0.5511218905448914,0.29411764705882354
0.5117958188056946,0.33125000000000004
0.4272385537624359,0.25862068965517243
0.5345456004142761,0.3386243386243386
0.43163639307022095,0.2798353909465021
0.4569709599018097,0.2511848341232228
0.5358567237854004,0.32539682539682535
0.548462450504303,0.34504792332268375
0.3170096278190613,0.294234592445328
0.527405321598053,0.28111273792093705
0.48026788234710693,0.26024096385542167
0.6020958423614502,0.33936651583710403
0.47236043214797974,0.34520547945205476
0.5802900791168213,0.44976076555023925
0.37467703223228455,0.2734177215189873
0.5136110186576843,0.27675276752767525
0.4991956353187561,0.3089005235602094
0.4988723695278168,0.3216494845360825
0.7009890675544739,0.36363636363636365
0.5307077765464783,0.31506849315068497
0.7055426239967346,0.3422459893048128
0.6100950837135315,0.28225806451612906
0.6662160754203796,0.3380281690140845
0.4391147196292877,0.3228511530398323
0.19216597080230713,0.25791855203619907
0.5125308036804199,0.3465909090909091
0.6300302743911743,0.40148698884758366
0.46752727031707764,0.3801169590643275
0.39670872688293457,0.19301848049281317
0.6187384128570557,0.27561837455830385
0.7258667945861816,0.3583333333333334
0.3437940180301666,0.17475728155339804
0.4904003143310547,0.32653061224489793
0.5252475738525391,0.33198380566801616
0.632236659526825,0.3775510204081633
0.41912323236465454,0.27896995708154504
0.6546812653541565,0.48135593220338985
0.5921501517295837,0.26497277676951003
0.6341185569763184,0.41954022988505746
0.4988826811313629,0.33163265306122447
0.5726662278175354,0.350597609561753
0.38533756136894226,0.2535885167464115
0.3676217496395111,0.2764811490125673
0.5029444098472595,0.26744186046511625
0.4205959439277649,0.315
0.7845250368118286,0.48936170212765956
0.6916792988777161,0.4235294117647058
0.5681444406509399,0.31292517006802717
0.4253416657447815,0.2878228782287823
0.5669612884521484,0.26950354609929084
0.6446427702903748,0.3386581469648562
0.3495751917362213,0.34441087613293053
0.6209428906440735,0.3511904761904762
0.43120884895324707,0.25581395348837205
0.6470806002616882,0.3389830508474576
0.5852788686752319,0.3152454780361757
0.5882706642150879,0.42000000000000004
0.5550450086593628,0.3085106382978723
0.4998937249183655,0.23979591836734693
0.38738229870796204,0.23616236162361623
0.33684810996055603,0.1950286806883365
0.4203096628189087,0.254416961130742
0.4918738007545471,0.41965973534971646
0.46534258127212524,0.39303482587064675
0.5255634188652039,0.2780748663101604
0.45953765511512756,0.25153374233128833
0.6824371814727783,0.35687732342007433
0.5232892632484436,0.27439024390243905
0.4764063060283661,0.2385008517887564
0.39038312435150146,0.23569023569023573
0.6137133836746216,0.32761904761904764
0.6150513887405396,0.27397260273972607
0.5783212184906006,0.31476997578692495
0.5018269419670105,0.2371794871794872
0.5525237917900085,0.3333333333333333
0.47532323002815247,0.3461538461538462
0.6591374278068542,0.3311258278145695
0.3174384832382202,0.356020942408377
0.4394129514694214,0.43231441048034935
0.5598320364952087,0.3507692307692308
0.7246550917625427,0.39852398523985233
0.4678526818752289,0.2918918918918919
0.7746846079826355,0.42168674698795183
0.5419468879699707,0.3841463414634147
0.47367051243782043,0.29565217391304344
0.4374975860118866,0.2771084337349397
0.5021148920059204,0.3384615384615385
0.508939802646637,0.44176706827309237
0.43524131178855896,0.3320158102766798
0.3954276144504547,0.2997542997542998
0.5371249914169312,0.3836317135549872
0.34817954897880554,0.37435897435897436
0.28080490231513977,0.22443890274314215
0.549004077911377,0.2723004694835681
0.5299238562583923,0.274074074074074
0.5460900068283081,0.27218934911242604
0.5047160387039185,0.2910216718266254
0.4620307683944702,0.2729970326409495
0.6005329489707947,0.3344262295081967
0.36807942390441895,0.35
0.7407861351966858,0.5461538461538461
0.5941629409790039,0.30188679245283023
0.5251008868217468,0.38028169014084506
0.3953113257884979,0.4408352668213457
0.4674074649810791,0.29082774049217003
0.2513047754764557,0.2746268656716418
0.6592495441436768,0.4087591240875913
0.5361490845680237,0.27791563275434245
0.47025352716445923,0.38285714285714284
0.4180335998535156,0.30222222222222217
0.38891124725341797,0.2652173913043478
0.5527305006980896,0.25
0.4921327829360962,0.30405405405405406
0.5550946593284607,0.3279742765273312
0.31048640608787537,0.2259615384615385
0.5290260314941406,0.36184210526315785
0.5817392468452454,0.2688766114180479
0.2928789556026459,0.19808306709265178
0.6567845344543457,0.35319148936170214
0.6361923217773438,0.24861878453038674
0.42000332474708557,0.37002341920374715
0.5246787667274475,0.29850746268656714
0.4627021551132202,0.30523917995444194
0.4180801808834076,0.2835249042145594
0.30768048763275146,0.3162055335968379
0.456570565700531,0.3848396501457726
0.5644960403442383,0.30905861456483125
0.5988191962242126,0.3782051282051282
0.5493252277374268,0.21690140845070421
0.4567798972129822,0.2890855457227139
0.6017084717750549,0.4785276073619632
0.4153541624546051,0.3054393305439331
0.5861457586288452,0.29467084639498425
0.3796389102935791,0.28940568475452194
0.38467058539390564,0.2707182320441989
0.48018571734428406,0.22362869198312235
0.5091291666030884,0.31292517006802717
0.5027809739112854,0.3524590163934426
0.5664085745811462,0.30400000000000005
0.31447529792785645,0.3734643734643734
0.41222450137138367,0.35807860262008734
0.5583716630935669,0.4046242774566474
0.4951939880847931,0.35000000000000003
0.561461865901947,0.308139534883721
0.5592459440231323,0.31607629427792916
0.49969759583473206,0.31362467866323906
0.3938841223716736,0.2355289421157685
0.37483081221580505,0.27792915531335155
0.43687623739242554,0.19584569732937687
0.5043864250183105,0.3271604938271605
0.38418957591056824,0.32663316582914576
0.5907720327377319,0.28028503562945367
0.5708174705505371,0.267515923566879
0.67496657371521,0.4226190476190476
0.32592248916625977,0.3465045592705167
0.6750543117523193,0.31023102310231027
0.48614630103111267,0.24663677130044842
0.4995369017124176,0.35942028985507246
0.5773389935493469,0.3475783475783476
0.7179180979728699,0.42696629213483145
0.37138646841049194,0.2375296912114014
0.5157238245010376,0.3856209150326797
0.6761118769645691,0.3130434782608696
0.7017508149147034,0.26217228464419473
0.6250978112220764,0.34965034965034963
0.3829861581325531,0.2950819672131148
0.5865934491157532,0.34392523364485983
0.46522510051727295,0.3505154639175258
0.6388359069824219,0.27242524916943517
0.5089807510375977,0.32558139534883723
0.764358639717102,0.35738831615120276
0.5324248671531677,0.2905405405405405
0.526273787021637,0.3073286052009456
0.3375435769557953,0.33455882352941174
0.535327672958374,0.3977272727272727
0.4640176296234131,0.3526682134570766
0.5144991874694824,0.2222222222222222
0.7249820828437805,0.32374100719424465
0.42324507236480713,0.26180257510729615
0.7458879947662354,0.4308681672025723
0.5213805437088013,0.3037383177570093
0.6613999009132385,0.24437299035369775
0.2891651690006256,0.3649635036496351
0.6067578196525574,0.3125
0.4259049892425537,0.27309236947791166
0.4821413457393646,0.29429429429429427
0.37981992959976196,0.2636655948553055
0.7932194471359253,0.4362139917695474
0.5475892424583435,0.3812316715542522
0.4295158386230469,0.2704225352112676
0.41711971163749695,0.23841059602649006
0.6224238276481628,0.3505154639175257
0.42427200078964233,0.26956521739130435
0.6916441917419434,0.3103448275862069
0.4895721673965454,0.2941176470588235
0.516606330871582,0.25036390101892286
0.5171502232551575,0.37106918238993714
0.6007059812545776,0.3465045592705167
0.43448004126548767,0.3012048192771084
0.4001338481903076,0.328042328042328
0.6524112224578857,0.26327944572748263
0.4811334013938904,0.21682242990654205
0.6362289786338806,0.33773087071240104
0.4864661991596222,0.33333333333333337
0.4203777611255646,0.34761904761904766
0.37367844581604004,0.3186582809224318
0.4679561257362366,0.24014336917562726
0.5450456142425537,0.3969754253308128
0.4934241473674774,0.41509433962264153
0.4167768061161041,0.23901581722319862
0.4549776613712311,0.24200913242009137
0.5564217567443848,0.34825870646766166
0.6630439758300781,0.36363636363636365
0.42133092880249023,0.28502415458937197
0.5174456238746643,0.2857142857142857
0.47633904218673706,0.4405797101449275
0.4566047787666321,0.304
0.4533519744873047,0.2997118155619597
0.5381999015808105,0.2864583333333333
0.5050703287124634,0.2460136674259681
0.6440218091011047,0.29573934837092736
0.4118625819683075,0.24539877300613497
0.6316258311271667,0.3113456464379947
0.6202883124351501,0.4410876132930513
0.3727322518825531,0.3368421052631579
0.5617061853408813,0.3563829787234043
0.28414955735206604,0.27692307692307694
0.5247244834899902,0.3215547703180212
0.46422359347343445,0.26947368421052637
0.4633447229862213,0.3076923076923077
0.6434804797172546,0.29978586723768735
0.41512736678123474,0.27055702917771884
0.3979252874851227,0.3218884120171674
0.45457354187965393,0.30327868852459017
0.5087741017341614,0.3285302593659943
0.6583524942398071,0.3037383177570093
0.6066201329231262,0.3321033210332104
0.45640459656715393,0.375
0.6232995986938477,0.48470588235294115
0.2509322762489319,0.24922118380062305
0.6182987093925476,0.31475409836065577
0.4211984872817993,0.2402826855123675
0.3863803744316101,0.3448275862068966
0.4734877049922943,0.37857142857142856
0.7463057041168213,0.34909090909090906
0.8199624419212341,0.17171717171717174
0.6833383440971375,0.38127090301003347
0.5707350373268127,0.23691460055096417
0.4395933449268341,0.33595800524934377
0.5071917176246643,0.3161512027491409
0.5385589599609375,0.2534435261707989
0.6569637656211853,0.29518072289156627
0.5909770727157593,0.2962962962962963
0.4359639883041382,0.2156862745098039
0.6282398700714111,0.3112244897959184
0.49697595834732056,0.2450765864332604
0.48238861560821533,0.35125448028673834
0.6662842631340027,0.33116883116883117
0.4722399413585663,0.32289156626506027
0.5598154067993164,0.36428571428571427
0.576762855052948,0.2681818181818182
0.7444972991943359,0.3652173913043478
0.6000853180885315,0.4396284829721362
0.3975687325000763,0.29666666666666663
0.4851413667201996,0.3127962085308057
0.6457334756851196,0.2770448548812665
0.4692938029766083,0.30945558739255014
0.5616533756256104,0.26700251889168763
0.4330218434333801,0.3171355498721228
0.6224711537361145,0.265625
0.5042277574539185,0.25641025641025644
0.4942212998867035,0.34989200863930886
0.37824568152427673,0.2835249042145594
0.5214059352874756,0.2939958592132505
0.49819257855415344,0.2980392156862745
0.4996677041053772,0.33408577878103835
0.41610682010650635,0.2784810126582279
0.6561098098754883,0.34962406015037595
0.6055203080177307,0.3526570048309179
0.39562520384788513,0.23927765237020318
0.6789969801902771,0.5374449339207047
0.4574994444847107,0.26339285714285715
0.6144698858261108,0.4536082474226804
0.48917776346206665,0.46938775510204084
0.3430483341217041,0.31612903225806455
0.4586505889892578,0.3143350604490501
0.5215582847595215,0.3965014577259475
0.6589235663414001,0.3298538622129436
0.37863871455192566,0.2142857142857143
0.5452634692192078,0.32917705735660846
0.3393270671367645,0.3215031315240084
0.5900221467018127,0.25517241379310346
0.5785602927207947,0.3402061855670103
0.4267880916595459,0.3271375464684015
0.42447373270988464,0.2912966252220249
0.6038313508033752,0.3076923076923077
0.537353515625,0.26436781609195403
0.4327116012573242,0.2352941176470588
0.5035078525543213,0.3301435406698565
0.43991056084632874,0.2074074074074074
0.6222180128097534,0.4676258992805755
0.6574206948280334,0.2946708463949843
0.37709298729896545,0.33918128654970764
0.6564967036247253,0.3442622950819672
0.5861300826072693,0.35844155844155845
0.44329869747161865,0.3569023569023569
0.43968603014945984,0.4049844236760125
0.44378331303596497,0.2869022869022869
0.3193773031234741,0.24561403508771928
0.5881059765815735,0.3296703296703297
0.33844828605651855,0.32323232323232326
0.5055344104766846,0.3405275779376499
0.5141333937644958,0.26728110599078336
0.6428096294403076,0.37851662404092073
0.522027850151062,0.4178272980501393
0.38653361797332764,0.24725274725274726
0.5683234930038452,0.4137931034482759
0.5236437320709229,0.24031007751937983
0.7465869784355164,0.3569023569023569
0.5440681576728821,0.32671081677704195
0.6923924684524536,0.39080459770114945
0.7104145884513855,0.5046728971962617
0.35057082772254944,0.24840764331210194
0.40802502632141113,0.2300194931773879
0.4455851912498474,0.30914826498422715
0.665857195854187,0.38997214484679665
0.4614284336566925,0.35587188612099646
0.43611040711402893,0.38095238095238093
0.4877111613750458,0.3579545454545454
0.5563295483589172,0.34615384615384615
0.5061758160591125,0.34269662921348315
0.45834046602249146,0.2991202346041056
0.6382536888122559,0.43501326259946954
0.6734296679496765,0.38333333333333336
0.48048561811447144,0.3611111111111111
0.6368330717086792,0.2426470588235294
0.4824696481227875,0.32671081677704195
0.43437740206718445,0.26373626373626374
0.5564471483230591,0.264
0.634626030921936,0.44845360824742275
0.629169762134552,0.38344226579520696
0.6207501888275146,0.45983379501385035
0.4563545286655426,0.3548387096774193
0.5154629349708557,0.36446469248291574
0.5389516949653625,0.39755351681957185
0.7280819416046143,0.48868778280542985
0.4454551935195923,0.2556818181818182
0.6124560236930847,0.3974358974358974
0.5445162653923035,0.3562231759656653
0.5820139050483704,0.25806451612903225
0.5061334371566772,0.2708333333333333
0.58595871925354,0.384
0.4283673167228699,0.2976501305483029
0.47505056858062744,0.29645093945720247
0.5005385875701904,0.21405750798722045
0.5650985240936279,0.32
0.7629299759864807,0.27876106194690264
0.45312032103538513,0.26493506493506497
0.49538493156433105,0.34375
0.6299806833267212,0.311578947368421
0.5004222393035889,0.4168514412416852
0.4326264262199402,0.2544169611307421
0.6368066668510437,0.2583979328165375
0.46207761764526367,0.3315789473684211
0.5172401666641235,0.314540059347181
0.4955434799194336,0.2720588235294118
0.5175566673278809,0.3023255813953488
0.4423176646232605,0.3631123919308357
0.6669509410858154,0.3466666666666666
0.6467969417572021,0.2702702702702703
0.5635691285133362,0.46153846153846156
0.6286969780921936,0.30395136778115506
0.5403679013252258,0.33618233618233617
0.47356492280960083,0.3537117903930131
0.546024739742279,0.2745098039215686
0.43566036224365234,0.32470588235294123
0.5969814658164978,0.23017107309486784
0.5965105295181274,0.30914826498422715
0.5798119306564331,0.2776349614395887
0.6461808681488037,0.3416666666666667
0.4860067367553711,0.3333333333333333
0.5587983727455139,0.25794392523364484
0.2985353171825409,0.2564885496183206
0.43698588013648987,0.28947368421052627
0.5167346596717834,0.31999999999999995
0.6375011801719666,0.23388305847076463
0.6981420516967773,0.39867109634551495
0.696334958076477,0.3404255319148936
0.4621985852718353,0.26693227091633465
0.5845251083374023,0.30604982206405695
0.3708958327770233,0.3540856031128405
0.387179434299469,0.297029702970297
0.5290072560310364,0.2541666666666667
0.5795701742172241,0.3342776203966005
0.542718768119812,0.35036496350364965
0.5881774425506592,0.25229357798165136
0.6627323031425476,0.259927797833935
0.45518285036087036,0.28571428571428575
0.576429009437561,0.4084507042253521
0.5767232775688171,0.3264462809917355
0.5744838714599609,0.3744292237442922
0.5433131456375122,0.37554585152838427
0.32151076197624207,0.2222222222222222
0.23070074617862701,0.40552995391705066
0.5438573360443115,0.3170028818443804
0.3342334032058716,0.291970802919708
0.6770697236061096,0.410958904109589
0.48047441244125366,0.2882352941176471
0.3382974863052368,0.3824884792626728
0.6862123608589172,0.29535864978902954
0.33981311321258545,0.31906614785992216
0.5233492851257324,0.3609467455621302
0.3811017572879791,0.2352941176470588
0.6686127185821533,0.3273657289002558
0.4594242572784424,0.3225806451612903
0.5230943560600281,0.3353658536585366
0.4465973377227783,0.3616236162361624
0.6433883905410767,0.41726618705035967
0.5194224715232849,0.33088235294117646
0.5504448413848877,0.3636363636363636
0.4822632372379303,0.3516483516483516
0.6375219821929932,0.518796992481203
0.5132587552070618,0.24554455445544557
0.4886679947376251,0.3180722891566265
0.34878233075141907,0.3026315789473684
0.557639479637146,0.3572815533980582
0.7361749410629272,0.36194895591647336
0.39801791310310364,0.2689075630252101
0.06834621727466583,0.00823045267489712
0.5598536729812622,0.4128686327077748
0.4261234700679779,0.3448275862068966
0.5859357714653015,0.4042553191489362
0.6494367122650146,0.3569405099150141
0.6563278436660767,0.40588235294117647
0.5752812623977661,0.27338129496402874
0.5794354677200317,0.35361216730038025
0.6479445099830627,0.3028391167192429
0.4606964588165283,0.34135667396061264
0.5515710115432739,0.3519061583577713
0.5572237968444824,0.36260623229461764
0.4746679961681366,0.34108527131782945
0.5804193019866943,0.33826638477801263
0.30158481001853943,0.2969187675070028
0.5985862612724304,0.271047227926078
0.44508662819862366,0.3405572755417956
0.5204535722732544,0.2275132275132275
0.7016304731369019,0.4025157232704403
0.6184062361717224,0.325
0.387651264667511,0.30769230769230765
0.2909488379955292,0.3115942028985507
0.6489429473876953,0.22857142857142856
0.5250262022018433,0.30498533724340177
0.2702828049659729,0.31216931216931215
0.7078348994255066,0.3371647509578544
0.36273694038391113,0.3033707865168539
0.6591004133224487,0.37480798771121354
0.44870007038116455,0.40955631399317405
0.5724769830703735,0.28571428571428575
0.5369271636009216,0.4043478260869565
0.6059162616729736,0.41237113402061865
0.6321948170661926,0.32402234636871513
0.47860920429229736,0.29585798816568043
0.43369534611701965,0.2371134020618557
0.6113583445549011,0.3636363636363636
0.6672689914703369,0.26545454545454544
0.6619383096694946,0.32653061224489793
0.3786768615245819,0.3102310231023102
0.6108396053314209,0.3142857142857143
0.5823618769645691,0.3247863247863248
0.5677646994590759,0.3502824858757062
0.5271986126899719,0.3283582089552239
0.48644378781318665,0.33928571428571425
0.3270110487937927,0.26603325415676965
0.5437545776367188,0.37894736842105264
0.2808573544025421,0.22714681440443213
0.547302782535553,0.3024691358024691
0.6562099456787109,0.4108910891089109
0.6002856492996216,0.3505976095617529
0.5248894095420837,0.22695035460992904
0.4227733612060547,0.39164490861618806
0.5639873743057251,0.25795644891122277
0.428452730178833,0.19536423841059603
0.5395393967628479,0.3065693430656934
0.4007043242454529,0.2997275204359673
0.43909788131713867,0.3322475570032573
0.43088144063949585,0.2640586797066015
0.3868565261363983,0.26804123711340205
0.42589277029037476,0.3035714285714286
0.5367246866226196,0.2585034013605442
0.47859275341033936,0.28125000000000006
0.519493579864502,0.2813852813852814
0.39774322509765625,0.2950108459869848
0.4428183138370514,0.3524590163934426
0.4680561125278473,0.3178807947019867
0.4988090693950653,0.3235294117647059
0.7297244071960449,0.37341772151898733
0.520395040512085,0.3609467455621302
0.45307204127311707,0.2981366459627329
0.6634559035301208,0.3655913978494624
0.5212751626968384,0.28735632183908044
0.517102837562561,0.4307692307692308
0.641012966632843,0.3973509933774835
0.49722129106521606,0.3652173913043479
0.5199172496795654,0.26991150442477874
0.5615736842155457,0.40897755610972575
0.4202842116355896,0.3541147132169576
0.5416802763938904,0.2702702702702703
0.4368349313735962,0.3467741935483871
0.2964119613170624,0.25471698113207547
0.5433049201965332,0.2996515679442509
0.2986294627189636,0.2272727272727273
0.33727791905403137,0.40944881889763785
0.5168246030807495,0.34117647058823525
0.5038163065910339,0.24868651488616464
0.5437266230583191,0.36705882352941177
0.3891468942165375,0.24775583482944347
0.45890721678733826,0.1834061135371179
0.5866273045539856,0.39730639730639733
0.6516250371932983,0.33043478260869563
0.6965132355690002,0.41875
0.5226697325706482,0.36551724137931035
0.4106593132019043,0.30769230769230765
0.5626188516616821,0.3058823529411765
0.6488335132598877,0.32885906040268453
0.5472778677940369,0.40924092409240925
0.5738895535469055,0.392156862745098
0.6821193099021912,0.20295202952029523
0.42762166261672974,0.39062499999999994
0.417998343706131,0.3280182232346241
0.5699330568313599,0.3636363636363636
0.6043657064437866,0.4848484848484848
0.4931783080101013,0.2892057026476579
0.3985244333744049,0.35733333333333334
0.2735288739204407,0.26008968609865474
0.47815972566604614,0.38309859154929576
0.6248652935028076,0.37717121588089336
0.4936288297176361,0.25303292894280766
0.5683984160423279,0.2922636103151862
0.43471768498420715,0.2416107382550336
0.40048161149024963,0.28191489361702127
0.5829089879989624,0.3852242744063325
0.29130393266677856,0.2881002087682672
0.5354713201522827,0.31851851851851853
0.5698825120925903,0.31967213114754095
0.5969933867454529,0.3440860215053763
0.48233547806739807,0.32718894009216587
0.5519535541534424,0.3031423290203327
0.5119019746780396,0.3175487465181059
0.504784345626831,0.2862903225806452
0.5711206197738647,0.37668161434977576
0.5907173156738281,0.3129251700680272
0.5810564160346985,0.41013824884792627
0.6956485509872437,0.45348837209302323
0.5661561489105225,0.40659340659340665
0.6450212597846985,0.33802816901408456
0.7069312930107117,0.38440111420612816
0.6541541814804077,0.23665223665223664
0.32934436202049255,0.3013698630136986
0.5830895304679871,0.27411167512690354
0.3627273440361023,0.2896174863387978
0.5452250838279724,0.31007751937984496
0.6054555177688599,0.28873239436619713
0.46889305114746094,0.3687943262411348
0.36155205965042114,0.34527687296416937
0.3599286377429962,0.325
0.5348300933837891,0.2929936305732484
0.53713059425354,0.4444444444444445
0.4761223793029785,0.24318658280922434
0.6459585428237915,0.4313725490196078
0.5197522044181824,0.39819004524886886
0.5950784683227539,0.2926829268292683
0.3705480396747589,0.21253405994550406
0.530371904373169,0.2773722627737226
0.6380448937416077,0.3827493261455526
0.6575484871864319,0.2789598108747045
0.5177391171455383,0.29830508474576267
0.6757366061210632,0.384
0.4683118462562561,0.3400447427293064
0.3974135220050812,0.27476038338658143
0.47710639238357544,0.34805194805194806
0.5769754648208618,0.3315508021390374
0.4780249297618866,0.22709163346613542
0.5622072219848633,0.34653465346534656
0.4771764874458313,0.36116504854368936
0.4177647829055786,0.2949640287769784
0.684170126914978,0.3833333333333334
0.5746942758560181,0.3286118980169972
0.5549304485321045,0.23177570093457942
0.41107434034347534,0.2459546925566343
0.5462478995323181,0.34361233480176206
0.3207855820655823,0.35119047619047616
0.5754955410957336,0.22222222222222227
0.8117969632148743,0.33962264150943394
0.398602694272995,0.3172413793103448
0.39657482504844666,0.2582781456953642
0.48446834087371826,0.2131979695431472
0.3844875991344452,0.5639097744360902
0.6065607070922852,0.3356164383561644
0.4933857321739197,0.24758220502901354
0.6687058806419373,0.3669064748201438
0.6155813932418823,0.38202247191011235
0.5535111427307129,0.2945368171021378
0.48401930928230286,0.2605210420841683
0.6425745487213135,0.44202898550724634
0.5560290217399597,0.31544715447154476
0.5886856317520142,0.34523809523809523
0.559033215045929,0.32450331125827814
0.40229448676109314,0.3241758241758242
0.723357617855072,0.4298245614035088
0.4308355450630188,0.2678062678062678
0.5001744031906128,0.3264248704663212
0.612892210483551,0.4161849710982659
0.555618166923523,0.28901734104046245
0.3491794466972351,0.3380281690140845
0.38016751408576965,0.315035799522673
0.643779456615448,0.4470588235294118
0.6347295641899109,0.4467532467532468
0.5876123309135437,0.3462321792260692
0.4012501537799835,0.2919254658385093
0.47726643085479736,0.3423423423423423
0.5495614409446716,0.38333333333333336
0.5839550495147705,0.4615384615384615
0.47646769881248474,0.34862385321100914
0.45142602920532227,0.2988505747126437
0.45507994294166565,0.30534351145038163
0.45516106486320496,0.24053452115812915
0.5980585217475891,0.3507306889352818
0.3710841238498688,0.189873417721519
0.4353346824645996,0.3365695792880259
0.5731502771377563,0.3033707865168539
0.6460912823677063,0.5777777777777778
0.5982997417449951,0.32487309644670054
0.567919909954071,0.3702290076335878
0.4254834055900574,0.3557692307692308
0.5037899613380432,0.3106382978723404
0.5807943344116211,0.32258064516129037
0.4982442855834961,0.40371229698375866
0.41444075107574463,0.2788844621513944
0.6558640003204346,0.3734643734643734
0.46208059787750244,0.23529411764705882
0.675560712814331,0.34782608695652173
0.49799108505249023,0.3123123123123123
0.5806124210357666,0.34554973821989526
0.49421414732933044,0.3333333333333333
0.44078364968299866,0.2184873949579832
0.5685526728630066,0.29721362229102166
0.480546772480011,0.3130081300813008
0.644464910030365,0.3833333333333333
0.6814226508140564,0.3231441048034934
0.4195014536380768,0.2638522427440633
0.39461609721183777,0.3967611336032389
0.408947229385376,0.25263157894736843
0.4175807535648346,0.32398753894080995
0.48404911160469055,0.3636363636363636
0.45903241634368896,0.26450116009280744
0.38021916151046753,0.28571428571428575
0.4577246904373169,0.32188841201716734
0.573983907699585,0.2926829268292683
0.7227678894996643,0.4044117647058823
0.5603185296058655,0.25850340136054417
0.5656545758247375,0.2698412698412699
0.5470851063728333,0.25337837837837834
0.4796830117702484,0.2057142857142857
0.42337363958358765,0.24113475177304966
0.584026575088501,0.2889733840304183
0.43386557698249817,0.26543209876543206
0.5384570360183716,0.4161616161616162
0.4463541507720947,0.21897810218978103
0.7549278736114502,0.3923705722070845
0.5443743467330933,0.37914691943127965
0.3045874834060669,0.22304832713754646
0.7205294966697693,0.41159420289855075
0.4222678244113922,0.2741116751269036
0.5459268093109131,0.3516949152542373
0.4877738952636719,0.3508771929824562
0.4698236286640167,0.38064516129032255
0.5757380723953247,0.40571428571428564
0.5569187998771667,0.28751974723538704
0.5286903977394104,0.3161290322580645
0.4485864043235779,0.40939597315436244
0.5214378237724304,0.3192488262910798
0.7711785435676575,0.42514970059880236
0.3125816583633423,0.29256594724220625
0.4017942547798157,0.24096385542168675
0.6284086108207703,0.3906705539358601
0.5042212009429932,0.25718608169440244
0.6421576142311096,0.4247787610619469
0.3802894353866577,0.37465564738292007
0.5328624844551086,0.4216524216524216
0.5143281817436218,0.33935018050541516
0.4065760374069214,0.26573426573426573
0.5496821403503418,0.30141843971631205
0.4389222264289856,0.34615384615384615
0.5263189673423767,0.2180851063829787
0.5056592226028442,0.31413612565445026
0.4494413733482361,0.29687500000000006
0.30800288915634155,0.34730538922155685
0.46176961064338684,0.30244941427050054
0.5168172717094421,0.27358490566037735
0.5529147386550903,0.41836734693877553
0.4075939953327179,0.2954545454545454
0.43367573618888855,0.2538293216630197
0.34429579973220825,0.31578947368421056
0.48491501808166504,0.29338842975206614
0.4720759689807892,0.25595238095238093
0.5495612621307373,0.2870588235294118
0.38871991634368896,0.3197969543147208
0.3692135512828827,0.2791762013729977
0.6901158690452576,0.43478260869565216
0.7315499186515808,0.28879310344827586
0.5049887299537659,0.3326133909287257
0.3911917507648468,0.3823529411764705
0.5145782828330994,0.28805237315875615
0.43633267283439636,0.3102189781021898
0.469140887260437,0.34216867469879514
0.4092489778995514,0.2849740932642487
0.5402851700782776,0.251685393258427
0.5322123169898987,0.3361823361823362
0.6907675862312317,0.3604651162790698
0.4681501090526581,0.23690205011389523
0.43082037568092346,0.2639296187683285
0.4279029369354248,0.31715210355987056
0.5939542651176453,0.33789954337899547
0.5162603259086609,0.2818003913894325
0.7310870289802551,0.406015037593985
0.6291049718856812,0.26765799256505574
0.6525503993034363,0.3709677419354838
0.33208808302879333,0.26377952755905515
0.5723904967308044,0.3116883116883117
0.613182783126831,0.3161512027491409
0.48333340883255005,0.37815126050420167
0.32306405901908875,0.2377049180327869
0.49516376852989197,0.3258426966292135
0.41012048721313477,0.28571428571428564
0.5578526854515076,0.24
0.5065454840660095,0.31974921630094044
0.5340444445610046,0.2457002457002457
0.5058429837226868,0.26896551724137935
0.6769552826881409,0.32542372881355935
0.628953754901886,0.3311827956989248
0.34718799591064453,0.3616438356164383
0.46288540959358215,0.32112676056338024
0.6409769654273987,0.31843575418994413
0.40138357877731323,0.2887700534759359
0.5909258127212524,0.3761194029850746
0.5450308322906494,0.32075471698113206
0.4844360053539276,0.3558897243107769
0.4793342351913452,0.28336755646817247
0.5264067649841309,0.2958057395143488
0.5476661920547485,0.3012552301255231
0.507749617099762,0.39080459770114945
0.6738802194595337,0.3129973474801061
0.7001822590827942,0.3962264150943396
0.4617482125759125,0.5015290519877675
0.7305838465690613,0.3444108761329305
0.5111737847328186,0.3923076923076923
0.6318186521530151,0.35294117647058826
0.4049780070781708,0.3600782778864971
0.42424067854881287,0.32676056338028164
0.49500781297683716,0.36274509803921573
0.4741705656051636,0.25280898876404495
0.6195907592773438,0.30831643002028397
0.5293506383895874,0.33707865168539325
0.46992620825767517,0.3454987834549878
0.6326817870140076,0.38095238095238093
0.5467750430107117,0.29813664596273287
0.5743237733840942,0.3375
0.539447546005249,0.3033175355450237
0.5959731340408325,0.3478260869565218
0.5416826605796814,0.26582278481012656
0.47468504309654236,0.304147465437788
0.47695958614349365,0.31525423728813556
0.5416689515113831,0.240174672489083
0.7222824692726135,0.3650190114068441
0.5464833378791809,0.31413612565445026
0.5067910552024841,0.3161290322580645
0.40017765760421753,0.23660714285714285
0.6927021145820618,0.4153005464480874
0.5006963610649109,0.3598484848484849
0.6362300515174866,0.3536977491961415
0.4520656168460846,0.3157894736842105
0.47584253549575806,0.32019704433497537
0.6072813868522644,0.4143426294820717
0.5893518328666687,0.2764227642276423
0.7410988211631775,0.31610942249240126
0.48594194650650024,0.24150943396226415
0.35839271545410156,0.371967654986523
0.4507024586200714,0.3235294117647059
0.4427996873855591,0.2674897119341563
0.5081301927566528,0.2744282744282745
0.5376986861228943,0.2452504317789292
0.7867600321769714,0.49599999999999994
0.5071435570716858,0.44776119402985076
0.4017539322376251,0.3192019950124689
0.464108943939209,0.3363636363636364
0.2770700752735138,0.23076923076923075
0.670232355594635,0.4161849710982659
0.4596504271030426,0.25287356321839083
0.6830415725708008,0.3483870967741935
0.6667550802230835,0.3876651982378855
0.5216871500015259,0.351421188630491
0.5454014539718628,0.38399999999999995
0.7585632801055908,0.4041095890410959
0.5456384420394897,0.34979423868312753
0.5488327741622925,0.27318718381112983
0.5721530318260193,0.37179487179487175
0.4180891513824463,0.2578397212543554
0.5347171425819397,0.3722627737226278
0.5298136472702026,0.34123222748815163
0.6332518458366394,0.310126582278481
0.4633115530014038,0.4405797101449276
0.3707761764526367,0.2877358490566037
0.6247855424880981,0.38676844783715003
0.503560483455658,0.3214285714285714
0.6494326591491699,0.30769230769230765
0.4484997093677521,0.2978723404255319
0.720973551273346,0.33210332103321033
0.5007570385932922,0.3458646616541353
0.6314290165901184,0.3211009174311927
0.46133071184158325,0.2538071065989848
0.6847617030143738,0.2583979328165375
0.4018036425113678,0.2652519893899204
0.5531638264656067,0.33248081841432225
0.49166059494018555,0.303030303030303
0.6465576887130737,0.33695652173913043
0.46304553747177124,0.27826086956521734
0.6006237268447876,0.34239130434782605
0.48060888051986694,0.3259259259259259
0.3655235171318054,0.31635388739946385
0.5772371888160706,0.37499999999999994
0.6100732088088989,0.3419203747072599
0.4342074990272522,0.32699619771863114
0.4732205271720886,0.31862745098039214
0.6060616970062256,0.332409972299169
0.43373069167137146,0.19885714285714282
0.5574472546577454,0.3118279569892473
0.5284072756767273,0.36538461538461536
0.4446825087070465,0.2888086642599278
0.49132004380226135,0.2878228782287823
0.3516724407672882,0.33640552995391704
0.477348655462265,0.2535211267605634
0.44847846031188965,0.26086956521739135
0.6051649451255798,0.4056338028169015
0.26629188656806946,0.28059701492537314
0.5604982972145081,0.37209302325581395
0.56685471534729,0.3466666666666666
0.5087936520576477,0.2629310344827586
0.46712711453437805,0.32664756446991405
0.4203280806541443,0.28252788104089216
0.6901170611381531,0.37815126050420167
0.5227769613265991,0.2524916943521595
0.6059811115264893,0.2814070351758794
0.5605887174606323,0.3773584905660377
0.3967605233192444,0.3091334894613584
0.5931301712989807,0.21256038647342995
0.23395201563835144,0.2615803814713896
0.5166143178939819,0.3846153846153846
0.44227978587150574,0.36986301369863017
0.38757577538490295,0.32463768115942027
0.5446383357048035,0.26870748299319724
0.4894711673259735,0.2581967213114754
0.6599243879318237,0.35211267605633806
0.41934821009635925,0.2807017543859649
0.6939402222633362,0.38317757009345793
0.5426612496376038,0.3409090909090909
0.4470213055610657,0.3541147132169576
0.4993017315864563,0.3722084367245657
0.5874902009963989,0.2604166666666667
0.4336773157119751,0.28104575163398693
0.4382060170173645,0.29333333333333333
0.5112302303314209,0.21602787456445993
0.38142362236976624,0.30196078431372547
0.5284073948860168,0.39766081871345027
0.6369074583053589,0.3657407407407408
0.4406876862049103,0.2523364485981308
0.5605964064598083,0.32273838630806845
0.5798203945159912,0.3901581722319859
0.36242252588272095,0.32954545454545453
0.5136691927909851,0.41887905604719766
0.5420058965682983,0.26562500000000006
0.4662054777145386,0.2827868852459017
0.3933553099632263,0.22291021671826625
0.4723394215106964,0.2713347921225383
0.29698190093040466,0.24852071005917156
0.4250262379646301,0.36898395721925137
0.4543881416320801,0.36721311475409835
0.6216641068458557,0.3147699757869249
0.3937351703643799,0.29834254143646405
0.38822096586227417,0.24206349206349206
0.5000598430633545,0.28112449799196787
0.6068339347839355,0.30817610062893086
0.612659752368927,0.29116117850953205
0.5698718428611755,0.36627906976744184
0.5579968690872192,0.28125
0.4244958460330963,0.3307493540051679
0.5539727807044983,0.4114285714285714
0.6392315030097961,0.30385487528344673
0.7001460194587708,0.3717277486910995
0.5478177070617676,0.3169398907103825
0.3942292332649231,0.42440318302387264
0.4442012906074524,0.29362880886426596
0.5477690100669861,0.2777777777777778
0.5240942239761353,0.32275132275132273
0.5437359809875488,0.2822966507177034
0.5523802638053894,0.33412887828162297
0.416140079498291,0.35000000000000003
0.461408406496048,0.3583061889250815
0.5751010775566101,0.38907849829351543
0.5421067476272583,0.3194888178913738
0.7034857273101807,0.28818443804034577
0.42169392108917236,0.43126684636118595
0.6328742504119873,0.3781818181818182
0.591334342956543,0.31553398058252424
0.6990692615509033,0.40203562340966925
0.5727978348731995,0.30493273542600896
0.6968363523483276,0.3770491803278689
0.6895333528518677,0.32383808095952027
0.4885067641735077,0.3626570915619389
0.41494840383529663,0.28780487804878047
0.4575696289539337,0.27272727272727276
0.5898195505142212,0.2549019607843137
0.6521027088165283,0.37890625
0.6240333318710327,0.2857142857142857
0.7855458855628967,0.4089219330855019
0.44814395904541016,0.432
0.4568999707698822,0.3487544483985765
0.39576098322868347,0.30681818181818177
0.433473140001297,0.28423772609819115
0.46897315979003906,0.3170731707317073
0.5879555344581604,0.28936170212765955
0.5829361081123352,0.43555555555555553
0.3706188499927521,0.23738872403560832
0.4641875624656677,0.4292237442922374
0.614469587802887,0.23606557377049178
0.5493924617767334,0.327455919395466
0.46014007925987244,0.29896907216494845
0.4353141188621521,0.4018475750577367
0.26882773637771606,0.20286085825747727
0.6145685911178589,0.29553264604810997
0.4045475423336029,0.24761904761904763
0.513153612613678,0.2469733656174334
0.5396983027458191,0.32857142857142857
0.40305981040000916,0.29426433915211975
0.5210650563240051,0.2978723404255319
0.5464429259300232,0.3276836158192091
0.41771015524864197,0.30800821355236135
0.5599554181098938,0.35885167464114837
0.4311119019985199,0.2764227642276423
0.2869774401187897,0.2867647058823529
0.4209640324115753,0.2892768079800499
0.47643446922302246,0.35379061371841153
0.5624445676803589,0.31417624521072796
0.535647451877594,0.4196721311475409
0.5302202701568604,0.2947368421052632
0.49420127272605896,0.26633165829145733
0.5489359498023987,0.23706896551724135
0.522739589214325,0.35772357723577236
0.5752067565917969,0.32475247524752476
0.6051502823829651,0.3508771929824561
0.46752411127090454,0.35609756097560974
0.46954336762428284,0.2167832167832168
0.46436581015586853,0.315035799522673
0.3539365231990814,0.2836185819070905
0.477530300617218,0.27088036117381487
0.5954852104187012,0.3519999999999999
0.307300329208374,0.29225352112676056
0.2545803487300873,0.29765886287625415
0.4813236594200134,0.32904884318766064
0.5210021138191223,0.3118279569892473
0.5247393250465393,0.35625
0.4972316026687622,0.31438127090301005
0.5790957808494568,0.2602739726027397
0.48500460386276245,0.3924050632911392
0.5725557208061218,0.2956120092378753
0.5633537173271179,0.27184466019417475
0.598707377910614,0.2631578947368421
0.4066077768802643,0.27676240208877284
0.4847106337547302,0.3181818181818182
0.4386836886405945,0.3080357142857143
0.6962369084358215,0.33057851239669417
0.45289158821105957,0.2927835051546392
0.5697840452194214,0.3394495412844037
0.5041416883468628,0.435820895522388
0.4809630215167999,0.42723004694835676
0.5735669732093811,0.3037037037037037
0.4837299585342407,0.34267912772585674
0.6437041163444519,0.3236074270557029
0.5383540987968445,0.34504792332268375
0.45218056440353394,0.42731277533039647
0.3909580111503601,0.29118773946360155
0.6229575276374817,0.44776119402985076
0.2686433792114258,0.3333333333333333
0.59876948595047,0.3861386138613862
0.4631211459636688,0.3061889250814332
0.4444890320301056,0.37467018469656993
0.5440638661384583,0.36705882352941177
0.5723037719726562,0.314540059347181
0.48894450068473816,0.3592814371257485
0.5233314037322998,0.3076923076923077
0.3335566520690918,0.1904761904761905
0.3913525342941284,0.23673469387755103
0.6210442781448364,0.30088495575221236
0.49987828731536865,0.32917705735660846
0.5172950625419617,0.3950617283950617
0.49651679396629333,0.2558823529411765
0.6604251265525818,0.2801302931596091
0.4974932372570038,0.4549763033175356
0.4870259761810303,0.2831858407079646
0.5676419734954834,0.3680555555555555
0.7116714715957642,0.29721362229102166
0.5102275609970093,0.18637992831541217
0.4092802107334137,0.2890173410404624
0.3720429241657257,0.34782608695652173
0.48714712262153625,0.2900763358778625
0.551034152507782,0.3149171270718232
0.3572806715965271,0.30588235294117644
0.6352856755256653,0.36734693877551017
0.36314570903778076,0.4131147540983606
0.4363784193992615,0.26415094339622647
0.4955713152885437,0.32167832167832167
